pool,start_time,end_time,run_time
1,1740620855.8642638,1740621442.147297,586.2830331325531
2,1740621442.147515,1740621861.0701919,418.9226768016815
3,1740621861.070318,1740622125.8494625,264.77914452552795
4,1740622125.8496578,1740622325.3717992,199.522141456604
